{"Base":{"x":-256.5413818359375,"y":7.889904022216797,"z":0.8762245178222656},"Hombro":{"x":-256.57525634765627,"y":9.676908493041993,"z":1.953883171081543},"Brazo":{"x":-256.56011962890627,"y":12.46225357055664,"z":1.4723052978515626},"Antebrazo":{"x":-256.45709228515627,"y":16.271726608276368,"z":-1.3276805877685547},"Muñeca":{"x":-256.40509033203127,"y":17.85500717163086,"z":-3.4622154235839845},"Mano":{"x":-256.37908935546877,"y":17.4403133392334,"z":-4.28997802734375},"Cubo_1":{"x":-256.5936279296875,"y":16.902158737182618,"z":-5.109222412109375},"Cubo_2":{"x":-256.11376953125,"y":16.889310836791993,"z":-5.124292373657227},"BaseR":{"x":1.0054008736659626e-9,"y":-0.015707293525338174,"z":4.90511346817879e-11,"w":0.9998766779899597},"HombroR":{"x":1.0054008736659626e-9,"y":-0.015707293525338174,"z":4.90511346817879e-11,"w":0.9998766779899597},"BrazoR":{"x":-0.18244802951812745,"y":-0.015443587675690651,"z":-0.0028661182150244714,"w":0.9830901026725769},"AntebrazoR":{"x":-0.44091901183128359,"y":-0.014097610488533974,"z":-0.006926498841494322,"w":0.8974094986915588},"MuñecaR":{"x":-0.0028397305868566038,"y":-0.01570722833275795,"z":-0.000044611108023673296,"w":0.999872624874115},"ManoR":{"x":-0.8802704215049744,"y":-0.01007805671542883,"z":-0.008320391178131104,"w":0.4742923378944397},"Cubo_1R":{"x":-0.8802704215049744,"y":-0.01007805671542883,"z":-0.008320391178131104,"w":0.4742923378944397},"Cubo_2R":{"x":-0.8802704215049744,"y":-0.01007805671542883,"z":-0.008320391178131104,"w":0.4742923378944397}}